[
  {
    "english": "one",
    "kannada": "ಒಂದು",
    "audio_file": "one.mp3"
  },
  {
    "english": "two",
    "kannada": "ಎರಡು",
    "audio_file": "two.mp3"
  },
  {
    "english": "three",
    "kannada": "ಮೂರು",
    "audio_file": "three.mp3"
  },
  {
    "english": "four",
    "kannada": "ನಾಲ್ಕು",
    "audio_file": "four.mp3"
  },
  {
    "english": "five",
    "kannada": "ಐದು",
    "audio_file": "five.mp3"
  },
  {
    "english": "six",
    "kannada": "ಆರು",
    "audio_file": "six.mp3"
  },
  {
    "english": "seven",
    "kannada": "ಏಳು",
    "audio_file": "seven.mp3"
  },
  {
    "english": "eight",
    "kannada": "ಎಂಟು",
    "audio_file": "eight.mp3"
  },
  {
    "english": "nine",
    "kannada": "ಒಂಬತ್ತು",
    "audio_file": "nine.mp3"
  },
  {
    "english": "ten",
    "kannada": "ಹತ್ತು",
    "audio_file": "ten.mp3"
  },
  {
    "english": "eleven",
    "kannada": "ಹನ್ನೊಂದು",
    "audio_file": "eleven.mp3"
  },
  {
    "english": "twelve",
    "kannada": "ಹನ್ನೆರಡು",
    "audio_file": "twelve.mp3"
  },
  {
    "english": "thirteen",
    "kannada": "ಹದಿಮೂರು",
    "audio_file": "thirteen.mp3"
  },
  {
    "english": "fourteen",
    "kannada": "ಹದಿನಾಲ್ಕು",
    "audio_file": "fourteen.mp3"
  },
  {
    "english": "fifteen",
    "kannada": "ಹದಿನೈದು",
    "audio_file": "fifteen.mp3"
  },
  {
    "english": "sixteen",
    "kannada": "ಹದಿನಾರು",
    "audio_file": "sixteen.mp3"
  },
  {
    "english": "seventeen",
    "kannada": "ಹದಿನೇಳು",
    "audio_file": "seventeen.mp3"
  },
  {
    "english": "eighteen",
    "kannada": "ಹದಿನೆಂಟು",
    "audio_file": "eighteen.mp3"
  },
  {
    "english": "nineteen",
    "kannada": "ಹತ್ತೊಂಬತ್ತು",
    "audio_file": "nineteen.mp3"
  },
  {
    "english": "twenty",
    "kannada": "ಇಪ್ಪತ್ತು",
    "audio_file": "twenty.mp3"
  }
]