[
  {
    "english": "amma",
    "kannada": "ಅಮ್ಮ"
  },
  {
    "english": "appa",
    "kannada": "ಅಪ್ಪ"
  },
  {
    "english": "ajji",
    "kannada": "ಅಜ್ಜಿ"
  },
  {
    "english": "anna",
    "kannada": "ಅಣ್ಣ"
  },
  {
    "english": "akka",
    "kannada": "ಅಕ್ಕ"
  },
  {
    "english": "mane",
    "kannada": "ಮನೆ"
  },
  {
    "english": "neeru",
    "kannada": "ನೀರು"
  },
  {
    "english": "bisi",
    "kannada": "ಬಿಸಿ"
  },
  {
    "english": "kivi",
    "kannada": "ಕಿವಿ"
  },
  {
    "english": "nayi",
    "kannada": "ನಾಯಿ"
  },
  {
    "english": "huli",
    "kannada": "ಹುಲಿ"
  },
  {
    "english": "gida",
    "kannada": "ಗಿಡ"
  },
  {
    "english": "nela",
    "kannada": "ನೆಲ"
  },
  {
    "english": "bale",
    "kannada": "ಬಾಳೆ"
  },
  {
    "english": "kannu",
    "kannada": "ಕಣ್ಣು"
  },
  {
    "english": "kai",
    "kannada": "ಕೈ"
  },
  {
    "english": "mele",
    "kannada": "ಮೇಲೆ"
  },
  {
    "english": "keelu",
    "kannada": "ಕೀಲು"
  },
  {
    "english": "thale",
    "kannada": "ತಲೆ"
  },
  {
    "english": "mooru",
    "kannada": "ಮೂರು"
  }
]